Name,Number of Edges,Number of Vertices,Clustering Coefficient,Average Degree,Average Excess Degree,Average Distance,Size of LCC,Number of CC
net_at2008-2013,103,83,0.022948938611589212,2.4819277108433737,4.444444444444445,1.125,3,76
net_at1995-1999,59,67,0.006965174129353234,1.7611940298507462,2.3,1.0,2,64
net_at2006-2008,45,51,0.0,1.7647058823529413,2.641509433962264,0,1,51
net_at1999-2002,73,63,0.053577727387251195,2.3174603174603177,3.1965811965811968,1.0,2,57
net_at2013-2018,59,60,0.0,1.9666666666666668,2.75,1.0,2,57
net_at1994-1995,37,44,0.0,1.6818181818181819,5.05,1.0,2,42
net_at2002-2006,93,74,0.02972972972972973,2.5135135135135136,3.3716216216216215,1.125,3,67
