Name,Number of Edges,Number of Vertices,Clustering Coefficient,Average Degree,Average Excess Degree,Average Distance,Size of LCC,Number of CC
net_se2014-2018,2119,368,0.4521798493580754,11.516304347826086,15.684146637533381,4.09855727108117,317,2
net_se2010-2014,3458,387,0.4495152572736285,17.87080103359173,26.71892613467814,3.883296200306158,363,2
net_se2006-2010,4026,390,0.3637798368823213,20.646153846153844,29.479566094853684,2.925845362863358,390,1
net_se1998-2002,4268,380,0.39682095127737643,22.463157894736838,27.154625655698617,2.6336481044299402,380,1
net_se2002-2006,4494,395,0.41654223222017933,22.754430379746836,28.56556545270042,2.676656171689263,395,1
net_se1988-1991,4121,379,0.3713457743334048,21.7467018469657,26.612640414763614,2.62519021094219,379,1
net_se1994-1998,3709,398,0.3781672692092127,18.63819095477387,22.635077599230875,2.719263825424351,398,1
net_se1991-1994,3877,375,0.3276256121696617,20.677333333333337,26.71222833202409,2.583885918003565,375,1
